filename,object_location,image_small,image_thumb
cities103.jpg,/objects/cities103.jpg,/objects/small/cities103_sm.jpg,/objects/thumbs/cities103_th.jpg
cities1049.jpg,/objects/cities1049.jpg,/objects/small/cities1049_sm.jpg,/objects/thumbs/cities1049_th.jpg
cities1051.jpg,/objects/cities1051.jpg,/objects/small/cities1051_sm.jpg,/objects/thumbs/cities1051_th.jpg
cities1151.jpg,/objects/cities1151.jpg,/objects/small/cities1151_sm.jpg,/objects/thumbs/cities1151_th.jpg
cities1166.jpg,/objects/cities1166.jpg,/objects/small/cities1166_sm.jpg,/objects/thumbs/cities1166_th.jpg
cities1211.jpg,/objects/cities1211.jpg,/objects/small/cities1211_sm.jpg,/objects/thumbs/cities1211_th.jpg
cities1223.jpg,/objects/cities1223.jpg,/objects/small/cities1223_sm.jpg,/objects/thumbs/cities1223_th.jpg
cities1228.jpg,/objects/cities1228.jpg,/objects/small/cities1228_sm.jpg,/objects/thumbs/cities1228_th.jpg
cities128.jpg,/objects/cities128.jpg,/objects/small/cities128_sm.jpg,/objects/thumbs/cities128_th.jpg
cities133.jpg,/objects/cities133.jpg,/objects/small/cities133_sm.jpg,/objects/thumbs/cities133_th.jpg
cities144.jpg,/objects/cities144.jpg,/objects/small/cities144_sm.jpg,/objects/thumbs/cities144_th.jpg
cities148.jpg,/objects/cities148.jpg,/objects/small/cities148_sm.jpg,/objects/thumbs/cities148_th.jpg
cities166.jpg,/objects/cities166.jpg,/objects/small/cities166_sm.jpg,/objects/thumbs/cities166_th.jpg
cities167.jpg,/objects/cities167.jpg,/objects/small/cities167_sm.jpg,/objects/thumbs/cities167_th.jpg
cities180.jpg,/objects/cities180.jpg,/objects/small/cities180_sm.jpg,/objects/thumbs/cities180_th.jpg
cities191.jpg,/objects/cities191.jpg,/objects/small/cities191_sm.jpg,/objects/thumbs/cities191_th.jpg
cities201.jpg,/objects/cities201.jpg,/objects/small/cities201_sm.jpg,/objects/thumbs/cities201_th.jpg
cities207.jpg,/objects/cities207.jpg,/objects/small/cities207_sm.jpg,/objects/thumbs/cities207_th.jpg
cities224.jpg,/objects/cities224.jpg,/objects/small/cities224_sm.jpg,/objects/thumbs/cities224_th.jpg
cities233.jpg,/objects/cities233.jpg,/objects/small/cities233_sm.jpg,/objects/thumbs/cities233_th.jpg
cities234.jpg,/objects/cities234.jpg,/objects/small/cities234_sm.jpg,/objects/thumbs/cities234_th.jpg
cities27.jpg,/objects/cities27.jpg,/objects/small/cities27_sm.jpg,/objects/thumbs/cities27_th.jpg
cities277.jpg,/objects/cities277.jpg,/objects/small/cities277_sm.jpg,/objects/thumbs/cities277_th.jpg
cities279.jpg,/objects/cities279.jpg,/objects/small/cities279_sm.jpg,/objects/thumbs/cities279_th.jpg
cities28.jpg,/objects/cities28.jpg,/objects/small/cities28_sm.jpg,/objects/thumbs/cities28_th.jpg
cities280.jpg,/objects/cities280.jpg,/objects/small/cities280_sm.jpg,/objects/thumbs/cities280_th.jpg
cities281.jpg,/objects/cities281.jpg,/objects/small/cities281_sm.jpg,/objects/thumbs/cities281_th.jpg
cities282.jpg,/objects/cities282.jpg,/objects/small/cities282_sm.jpg,/objects/thumbs/cities282_th.jpg
cities299.jpg,/objects/cities299.jpg,/objects/small/cities299_sm.jpg,/objects/thumbs/cities299_th.jpg
cities303.jpg,/objects/cities303.jpg,/objects/small/cities303_sm.jpg,/objects/thumbs/cities303_th.jpg
cities308.jpg,/objects/cities308.jpg,/objects/small/cities308_sm.jpg,/objects/thumbs/cities308_th.jpg
cities31.jpg,/objects/cities31.jpg,/objects/small/cities31_sm.jpg,/objects/thumbs/cities31_th.jpg
cities313.jpg,/objects/cities313.jpg,/objects/small/cities313_sm.jpg,/objects/thumbs/cities313_th.jpg
cities32.jpg,/objects/cities32.jpg,/objects/small/cities32_sm.jpg,/objects/thumbs/cities32_th.jpg
cities323.jpg,/objects/cities323.jpg,/objects/small/cities323_sm.jpg,/objects/thumbs/cities323_th.jpg
cities325.jpg,/objects/cities325.jpg,/objects/small/cities325_sm.jpg,/objects/thumbs/cities325_th.jpg
cities33.jpg,/objects/cities33.jpg,/objects/small/cities33_sm.jpg,/objects/thumbs/cities33_th.jpg
cities336.jpg,/objects/cities336.jpg,/objects/small/cities336_sm.jpg,/objects/thumbs/cities336_th.jpg
cities346.jpg,/objects/cities346.jpg,/objects/small/cities346_sm.jpg,/objects/thumbs/cities346_th.jpg
cities349.jpg,/objects/cities349.jpg,/objects/small/cities349_sm.jpg,/objects/thumbs/cities349_th.jpg
cities35.jpg,/objects/cities35.jpg,/objects/small/cities35_sm.jpg,/objects/thumbs/cities35_th.jpg
cities351.jpg,/objects/cities351.jpg,/objects/small/cities351_sm.jpg,/objects/thumbs/cities351_th.jpg
cities352.jpg,/objects/cities352.jpg,/objects/small/cities352_sm.jpg,/objects/thumbs/cities352_th.jpg
cities355.jpg,/objects/cities355.jpg,/objects/small/cities355_sm.jpg,/objects/thumbs/cities355_th.jpg
cities36.jpg,/objects/cities36.jpg,/objects/small/cities36_sm.jpg,/objects/thumbs/cities36_th.jpg
cities360.jpg,/objects/cities360.jpg,/objects/small/cities360_sm.jpg,/objects/thumbs/cities360_th.jpg
cities361.jpg,/objects/cities361.jpg,/objects/small/cities361_sm.jpg,/objects/thumbs/cities361_th.jpg
cities364.jpg,/objects/cities364.jpg,/objects/small/cities364_sm.jpg,/objects/thumbs/cities364_th.jpg
cities368.jpg,/objects/cities368.jpg,/objects/small/cities368_sm.jpg,/objects/thumbs/cities368_th.jpg
cities37.jpg,/objects/cities37.jpg,/objects/small/cities37_sm.jpg,/objects/thumbs/cities37_th.jpg
cities370.jpg,/objects/cities370.jpg,/objects/small/cities370_sm.jpg,/objects/thumbs/cities370_th.jpg
cities376.jpg,/objects/cities376.jpg,/objects/small/cities376_sm.jpg,/objects/thumbs/cities376_th.jpg
cities387.jpg,/objects/cities387.jpg,/objects/small/cities387_sm.jpg,/objects/thumbs/cities387_th.jpg
cities391.jpg,/objects/cities391.jpg,/objects/small/cities391_sm.jpg,/objects/thumbs/cities391_th.jpg
cities395.jpg,/objects/cities395.jpg,/objects/small/cities395_sm.jpg,/objects/thumbs/cities395_th.jpg
cities397.jpg,/objects/cities397.jpg,/objects/small/cities397_sm.jpg,/objects/thumbs/cities397_th.jpg
cities399.jpg,/objects/cities399.jpg,/objects/small/cities399_sm.jpg,/objects/thumbs/cities399_th.jpg
cities40.jpg,/objects/cities40.jpg,/objects/small/cities40_sm.jpg,/objects/thumbs/cities40_th.jpg
cities400.jpg,/objects/cities400.jpg,/objects/small/cities400_sm.jpg,/objects/thumbs/cities400_th.jpg
cities401.jpg,/objects/cities401.jpg,/objects/small/cities401_sm.jpg,/objects/thumbs/cities401_th.jpg
cities402.jpg,/objects/cities402.jpg,/objects/small/cities402_sm.jpg,/objects/thumbs/cities402_th.jpg
cities404.jpg,/objects/cities404.jpg,/objects/small/cities404_sm.jpg,/objects/thumbs/cities404_th.jpg
cities419.jpg,/objects/cities419.jpg,/objects/small/cities419_sm.jpg,/objects/thumbs/cities419_th.jpg
cities42.jpg,/objects/cities42.jpg,/objects/small/cities42_sm.jpg,/objects/thumbs/cities42_th.jpg
cities432.jpg,/objects/cities432.jpg,/objects/small/cities432_sm.jpg,/objects/thumbs/cities432_th.jpg
cities448.jpg,/objects/cities448.jpg,/objects/small/cities448_sm.jpg,/objects/thumbs/cities448_th.jpg
cities449.jpg,/objects/cities449.jpg,/objects/small/cities449_sm.jpg,/objects/thumbs/cities449_th.jpg
cities45.jpg,/objects/cities45.jpg,/objects/small/cities45_sm.jpg,/objects/thumbs/cities45_th.jpg
cities455.jpg,/objects/cities455.jpg,/objects/small/cities455_sm.jpg,/objects/thumbs/cities455_th.jpg
cities461.jpg,/objects/cities461.jpg,/objects/small/cities461_sm.jpg,/objects/thumbs/cities461_th.jpg
cities462.jpg,/objects/cities462.jpg,/objects/small/cities462_sm.jpg,/objects/thumbs/cities462_th.jpg
cities463.jpg,/objects/cities463.jpg,/objects/small/cities463_sm.jpg,/objects/thumbs/cities463_th.jpg
cities464.jpg,/objects/cities464.jpg,/objects/small/cities464_sm.jpg,/objects/thumbs/cities464_th.jpg
cities465.jpg,/objects/cities465.jpg,/objects/small/cities465_sm.jpg,/objects/thumbs/cities465_th.jpg
cities466.jpg,/objects/cities466.jpg,/objects/small/cities466_sm.jpg,/objects/thumbs/cities466_th.jpg
cities468.jpg,/objects/cities468.jpg,/objects/small/cities468_sm.jpg,/objects/thumbs/cities468_th.jpg
cities490.jpg,/objects/cities490.jpg,/objects/small/cities490_sm.jpg,/objects/thumbs/cities490_th.jpg
cities520.jpg,/objects/cities520.jpg,/objects/small/cities520_sm.jpg,/objects/thumbs/cities520_th.jpg
cities523.jpg,/objects/cities523.jpg,/objects/small/cities523_sm.jpg,/objects/thumbs/cities523_th.jpg
cities524.jpg,/objects/cities524.jpg,/objects/small/cities524_sm.jpg,/objects/thumbs/cities524_th.jpg
cities525.jpg,/objects/cities525.jpg,/objects/small/cities525_sm.jpg,/objects/thumbs/cities525_th.jpg
cities533.jpg,/objects/cities533.jpg,/objects/small/cities533_sm.jpg,/objects/thumbs/cities533_th.jpg
cities534.jpg,/objects/cities534.jpg,/objects/small/cities534_sm.jpg,/objects/thumbs/cities534_th.jpg
cities543.jpg,/objects/cities543.jpg,/objects/small/cities543_sm.jpg,/objects/thumbs/cities543_th.jpg
cities545.jpg,/objects/cities545.jpg,/objects/small/cities545_sm.jpg,/objects/thumbs/cities545_th.jpg
cities548.jpg,/objects/cities548.jpg,/objects/small/cities548_sm.jpg,/objects/thumbs/cities548_th.jpg
cities564.jpg,/objects/cities564.jpg,/objects/small/cities564_sm.jpg,/objects/thumbs/cities564_th.jpg
cities568.jpg,/objects/cities568.jpg,/objects/small/cities568_sm.jpg,/objects/thumbs/cities568_th.jpg
cities586.jpg,/objects/cities586.jpg,/objects/small/cities586_sm.jpg,/objects/thumbs/cities586_th.jpg
cities587.jpg,/objects/cities587.jpg,/objects/small/cities587_sm.jpg,/objects/thumbs/cities587_th.jpg
cities59.jpg,/objects/cities59.jpg,/objects/small/cities59_sm.jpg,/objects/thumbs/cities59_th.jpg
cities601.jpg,/objects/cities601.jpg,/objects/small/cities601_sm.jpg,/objects/thumbs/cities601_th.jpg
cities604.jpg,/objects/cities604.jpg,/objects/small/cities604_sm.jpg,/objects/thumbs/cities604_th.jpg
cities607.jpg,/objects/cities607.jpg,/objects/small/cities607_sm.jpg,/objects/thumbs/cities607_th.jpg
cities609.jpg,/objects/cities609.jpg,/objects/small/cities609_sm.jpg,/objects/thumbs/cities609_th.jpg
cities61.jpg,/objects/cities61.jpg,/objects/small/cities61_sm.jpg,/objects/thumbs/cities61_th.jpg
cities610.jpg,/objects/cities610.jpg,/objects/small/cities610_sm.jpg,/objects/thumbs/cities610_th.jpg
cities611.jpg,/objects/cities611.jpg,/objects/small/cities611_sm.jpg,/objects/thumbs/cities611_th.jpg
cities613.jpg,/objects/cities613.jpg,/objects/small/cities613_sm.jpg,/objects/thumbs/cities613_th.jpg
cities616.jpg,/objects/cities616.jpg,/objects/small/cities616_sm.jpg,/objects/thumbs/cities616_th.jpg
cities620.jpg,/objects/cities620.jpg,/objects/small/cities620_sm.jpg,/objects/thumbs/cities620_th.jpg
cities621.jpg,/objects/cities621.jpg,/objects/small/cities621_sm.jpg,/objects/thumbs/cities621_th.jpg
cities622.jpg,/objects/cities622.jpg,/objects/small/cities622_sm.jpg,/objects/thumbs/cities622_th.jpg
cities625.jpg,/objects/cities625.jpg,/objects/small/cities625_sm.jpg,/objects/thumbs/cities625_th.jpg
cities626.jpg,/objects/cities626.jpg,/objects/small/cities626_sm.jpg,/objects/thumbs/cities626_th.jpg
cities627.jpg,/objects/cities627.jpg,/objects/small/cities627_sm.jpg,/objects/thumbs/cities627_th.jpg
cities634.jpg,/objects/cities634.jpg,/objects/small/cities634_sm.jpg,/objects/thumbs/cities634_th.jpg
cities64.jpg,/objects/cities64.jpg,/objects/small/cities64_sm.jpg,/objects/thumbs/cities64_th.jpg
cities66.jpg,/objects/cities66.jpg,/objects/small/cities66_sm.jpg,/objects/thumbs/cities66_th.jpg
cities660.jpg,/objects/cities660.jpg,/objects/small/cities660_sm.jpg,/objects/thumbs/cities660_th.jpg
cities662.jpg,/objects/cities662.jpg,/objects/small/cities662_sm.jpg,/objects/thumbs/cities662_th.jpg
cities664.jpg,/objects/cities664.jpg,/objects/small/cities664_sm.jpg,/objects/thumbs/cities664_th.jpg
cities665.jpg,/objects/cities665.jpg,/objects/small/cities665_sm.jpg,/objects/thumbs/cities665_th.jpg
cities666.jpg,/objects/cities666.jpg,/objects/small/cities666_sm.jpg,/objects/thumbs/cities666_th.jpg
cities669.jpg,/objects/cities669.jpg,/objects/small/cities669_sm.jpg,/objects/thumbs/cities669_th.jpg
cities671.jpg,/objects/cities671.jpg,/objects/small/cities671_sm.jpg,/objects/thumbs/cities671_th.jpg
cities672.jpg,/objects/cities672.jpg,/objects/small/cities672_sm.jpg,/objects/thumbs/cities672_th.jpg
cities674.jpg,/objects/cities674.jpg,/objects/small/cities674_sm.jpg,/objects/thumbs/cities674_th.jpg
cities675.jpg,/objects/cities675.jpg,/objects/small/cities675_sm.jpg,/objects/thumbs/cities675_th.jpg
cities676.jpg,/objects/cities676.jpg,/objects/small/cities676_sm.jpg,/objects/thumbs/cities676_th.jpg
cities677.jpg,/objects/cities677.jpg,/objects/small/cities677_sm.jpg,/objects/thumbs/cities677_th.jpg
cities678.jpg,/objects/cities678.jpg,/objects/small/cities678_sm.jpg,/objects/thumbs/cities678_th.jpg
cities679.jpg,/objects/cities679.jpg,/objects/small/cities679_sm.jpg,/objects/thumbs/cities679_th.jpg
cities680.jpg,/objects/cities680.jpg,/objects/small/cities680_sm.jpg,/objects/thumbs/cities680_th.jpg
cities682.jpg,/objects/cities682.jpg,/objects/small/cities682_sm.jpg,/objects/thumbs/cities682_th.jpg
cities683.jpg,/objects/cities683.jpg,/objects/small/cities683_sm.jpg,/objects/thumbs/cities683_th.jpg
cities687.jpg,/objects/cities687.jpg,/objects/small/cities687_sm.jpg,/objects/thumbs/cities687_th.jpg
cities688.jpg,/objects/cities688.jpg,/objects/small/cities688_sm.jpg,/objects/thumbs/cities688_th.jpg
cities69.jpg,/objects/cities69.jpg,/objects/small/cities69_sm.jpg,/objects/thumbs/cities69_th.jpg
cities70.jpg,/objects/cities70.jpg,/objects/small/cities70_sm.jpg,/objects/thumbs/cities70_th.jpg
cities712.jpg,/objects/cities712.jpg,/objects/small/cities712_sm.jpg,/objects/thumbs/cities712_th.jpg
cities720.jpg,/objects/cities720.jpg,/objects/small/cities720_sm.jpg,/objects/thumbs/cities720_th.jpg
cities723.jpg,/objects/cities723.jpg,/objects/small/cities723_sm.jpg,/objects/thumbs/cities723_th.jpg
cities727.jpg,/objects/cities727.jpg,/objects/small/cities727_sm.jpg,/objects/thumbs/cities727_th.jpg
cities73.jpg,/objects/cities73.jpg,/objects/small/cities73_sm.jpg,/objects/thumbs/cities73_th.jpg
cities737.jpg,/objects/cities737.jpg,/objects/small/cities737_sm.jpg,/objects/thumbs/cities737_th.jpg
cities742.jpg,/objects/cities742.jpg,/objects/small/cities742_sm.jpg,/objects/thumbs/cities742_th.jpg
cities743.jpg,/objects/cities743.jpg,/objects/small/cities743_sm.jpg,/objects/thumbs/cities743_th.jpg
cities744.jpg,/objects/cities744.jpg,/objects/small/cities744_sm.jpg,/objects/thumbs/cities744_th.jpg
cities747.jpg,/objects/cities747.jpg,/objects/small/cities747_sm.jpg,/objects/thumbs/cities747_th.jpg
cities748.jpg,/objects/cities748.jpg,/objects/small/cities748_sm.jpg,/objects/thumbs/cities748_th.jpg
cities749.jpg,/objects/cities749.jpg,/objects/small/cities749_sm.jpg,/objects/thumbs/cities749_th.jpg
cities75.jpg,/objects/cities75.jpg,/objects/small/cities75_sm.jpg,/objects/thumbs/cities75_th.jpg
cities752.jpg,/objects/cities752.jpg,/objects/small/cities752_sm.jpg,/objects/thumbs/cities752_th.jpg
cities753.jpg,/objects/cities753.jpg,/objects/small/cities753_sm.jpg,/objects/thumbs/cities753_th.jpg
cities754.jpg,/objects/cities754.jpg,/objects/small/cities754_sm.jpg,/objects/thumbs/cities754_th.jpg
cities755.jpg,/objects/cities755.jpg,/objects/small/cities755_sm.jpg,/objects/thumbs/cities755_th.jpg
cities759.jpg,/objects/cities759.jpg,/objects/small/cities759_sm.jpg,/objects/thumbs/cities759_th.jpg
cities760.jpg,/objects/cities760.jpg,/objects/small/cities760_sm.jpg,/objects/thumbs/cities760_th.jpg
cities761.jpg,/objects/cities761.jpg,/objects/small/cities761_sm.jpg,/objects/thumbs/cities761_th.jpg
cities764.jpg,/objects/cities764.jpg,/objects/small/cities764_sm.jpg,/objects/thumbs/cities764_th.jpg
cities794.jpg,/objects/cities794.jpg,/objects/small/cities794_sm.jpg,/objects/thumbs/cities794_th.jpg
cities795.jpg,/objects/cities795.jpg,/objects/small/cities795_sm.jpg,/objects/thumbs/cities795_th.jpg
cities798.jpg,/objects/cities798.jpg,/objects/small/cities798_sm.jpg,/objects/thumbs/cities798_th.jpg
cities804.jpg,/objects/cities804.jpg,/objects/small/cities804_sm.jpg,/objects/thumbs/cities804_th.jpg
cities809.jpg,/objects/cities809.jpg,/objects/small/cities809_sm.jpg,/objects/thumbs/cities809_th.jpg
cities81.jpg,/objects/cities81.jpg,/objects/small/cities81_sm.jpg,/objects/thumbs/cities81_th.jpg
cities811.jpg,/objects/cities811.jpg,/objects/small/cities811_sm.jpg,/objects/thumbs/cities811_th.jpg
cities813.jpg,/objects/cities813.jpg,/objects/small/cities813_sm.jpg,/objects/thumbs/cities813_th.jpg
cities827.jpg,/objects/cities827.jpg,/objects/small/cities827_sm.jpg,/objects/thumbs/cities827_th.jpg
cities830.jpg,/objects/cities830.jpg,/objects/small/cities830_sm.jpg,/objects/thumbs/cities830_th.jpg
cities839.jpg,/objects/cities839.jpg,/objects/small/cities839_sm.jpg,/objects/thumbs/cities839_th.jpg
cities84.jpg,/objects/cities84.jpg,/objects/small/cities84_sm.jpg,/objects/thumbs/cities84_th.jpg
cities842.jpg,/objects/cities842.jpg,/objects/small/cities842_sm.jpg,/objects/thumbs/cities842_th.jpg
cities844.jpg,/objects/cities844.jpg,/objects/small/cities844_sm.jpg,/objects/thumbs/cities844_th.jpg
cities846.jpg,/objects/cities846.jpg,/objects/small/cities846_sm.jpg,/objects/thumbs/cities846_th.jpg
cities850.jpg,/objects/cities850.jpg,/objects/small/cities850_sm.jpg,/objects/thumbs/cities850_th.jpg
cities851.jpg,/objects/cities851.jpg,/objects/small/cities851_sm.jpg,/objects/thumbs/cities851_th.jpg
cities868.jpg,/objects/cities868.jpg,/objects/small/cities868_sm.jpg,/objects/thumbs/cities868_th.jpg
cities869.jpg,/objects/cities869.jpg,/objects/small/cities869_sm.jpg,/objects/thumbs/cities869_th.jpg
cities87.jpg,/objects/cities87.jpg,/objects/small/cities87_sm.jpg,/objects/thumbs/cities87_th.jpg
cities870.jpg,/objects/cities870.jpg,/objects/small/cities870_sm.jpg,/objects/thumbs/cities870_th.jpg
cities872.jpg,/objects/cities872.jpg,/objects/small/cities872_sm.jpg,/objects/thumbs/cities872_th.jpg
cities875.jpg,/objects/cities875.jpg,/objects/small/cities875_sm.jpg,/objects/thumbs/cities875_th.jpg
cities876.jpg,/objects/cities876.jpg,/objects/small/cities876_sm.jpg,/objects/thumbs/cities876_th.jpg
cities877.jpg,/objects/cities877.jpg,/objects/small/cities877_sm.jpg,/objects/thumbs/cities877_th.jpg
cities880.jpg,/objects/cities880.jpg,/objects/small/cities880_sm.jpg,/objects/thumbs/cities880_th.jpg
cities882.jpg,/objects/cities882.jpg,/objects/small/cities882_sm.jpg,/objects/thumbs/cities882_th.jpg
cities886.jpg,/objects/cities886.jpg,/objects/small/cities886_sm.jpg,/objects/thumbs/cities886_th.jpg
cities888.jpg,/objects/cities888.jpg,/objects/small/cities888_sm.jpg,/objects/thumbs/cities888_th.jpg
cities89.jpg,/objects/cities89.jpg,/objects/small/cities89_sm.jpg,/objects/thumbs/cities89_th.jpg
cities891.jpg,/objects/cities891.jpg,/objects/small/cities891_sm.jpg,/objects/thumbs/cities891_th.jpg
cities892.jpg,/objects/cities892.jpg,/objects/small/cities892_sm.jpg,/objects/thumbs/cities892_th.jpg
cities893.jpg,/objects/cities893.jpg,/objects/small/cities893_sm.jpg,/objects/thumbs/cities893_th.jpg
cities897.jpg,/objects/cities897.jpg,/objects/small/cities897_sm.jpg,/objects/thumbs/cities897_th.jpg
cities916.jpg,/objects/cities916.jpg,/objects/small/cities916_sm.jpg,/objects/thumbs/cities916_th.jpg
cities917.jpg,/objects/cities917.jpg,/objects/small/cities917_sm.jpg,/objects/thumbs/cities917_th.jpg
cities918.jpg,/objects/cities918.jpg,/objects/small/cities918_sm.jpg,/objects/thumbs/cities918_th.jpg
cities919.jpg,/objects/cities919.jpg,/objects/small/cities919_sm.jpg,/objects/thumbs/cities919_th.jpg
cities920.jpg,/objects/cities920.jpg,/objects/small/cities920_sm.jpg,/objects/thumbs/cities920_th.jpg
cities927.jpg,/objects/cities927.jpg,/objects/small/cities927_sm.jpg,/objects/thumbs/cities927_th.jpg
cities930.jpg,/objects/cities930.jpg,/objects/small/cities930_sm.jpg,/objects/thumbs/cities930_th.jpg
cities931.jpg,/objects/cities931.jpg,/objects/small/cities931_sm.jpg,/objects/thumbs/cities931_th.jpg
cities932.jpg,/objects/cities932.jpg,/objects/small/cities932_sm.jpg,/objects/thumbs/cities932_th.jpg
cities933.jpg,/objects/cities933.jpg,/objects/small/cities933_sm.jpg,/objects/thumbs/cities933_th.jpg
cities935.jpg,/objects/cities935.jpg,/objects/small/cities935_sm.jpg,/objects/thumbs/cities935_th.jpg
cities936.jpg,/objects/cities936.jpg,/objects/small/cities936_sm.jpg,/objects/thumbs/cities936_th.jpg
cities937.jpg,/objects/cities937.jpg,/objects/small/cities937_sm.jpg,/objects/thumbs/cities937_th.jpg
cities938.jpg,/objects/cities938.jpg,/objects/small/cities938_sm.jpg,/objects/thumbs/cities938_th.jpg
cities939.jpg,/objects/cities939.jpg,/objects/small/cities939_sm.jpg,/objects/thumbs/cities939_th.jpg
cities941.jpg,/objects/cities941.jpg,/objects/small/cities941_sm.jpg,/objects/thumbs/cities941_th.jpg
cities946.jpg,/objects/cities946.jpg,/objects/small/cities946_sm.jpg,/objects/thumbs/cities946_th.jpg
cities947.jpg,/objects/cities947.jpg,/objects/small/cities947_sm.jpg,/objects/thumbs/cities947_th.jpg
cities948.jpg,/objects/cities948.jpg,/objects/small/cities948_sm.jpg,/objects/thumbs/cities948_th.jpg
cities95.jpg,/objects/cities95.jpg,/objects/small/cities95_sm.jpg,/objects/thumbs/cities95_th.jpg
cities97.jpg,/objects/cities97.jpg,/objects/small/cities97_sm.jpg,/objects/thumbs/cities97_th.jpg
cities974.jpg,/objects/cities974.jpg,/objects/small/cities974_sm.jpg,/objects/thumbs/cities974_th.jpg
cities98.jpg,/objects/cities98.jpg,/objects/small/cities98_sm.jpg,/objects/thumbs/cities98_th.jpg
cities985.jpg,/objects/cities985.jpg,/objects/small/cities985_sm.jpg,/objects/thumbs/cities985_th.jpg
cities986.jpg,/objects/cities986.jpg,/objects/small/cities986_sm.jpg,/objects/thumbs/cities986_th.jpg
cities987.jpg,/objects/cities987.jpg,/objects/small/cities987_sm.jpg,/objects/thumbs/cities987_th.jpg
cities988.jpg,/objects/cities988.jpg,/objects/small/cities988_sm.jpg,/objects/thumbs/cities988_th.jpg
cities993.jpg,/objects/cities993.jpg,/objects/small/cities993_sm.jpg,/objects/thumbs/cities993_th.jpg
cities994.jpg,/objects/cities994.jpg,/objects/small/cities994_sm.jpg,/objects/thumbs/cities994_th.jpg
